{"Channel":"x=\u003ex.System.Channel","CommandLine":"x=\u003ex.EventData.ProcInfo.CommandLine","Computer":"x=\u003ex.System.Computer","EventType":"x=\u003ex.EventType","FileName":"x=\u003ex.EventData.FileName || x.EventData.OpenPath","KeyName":"x=\u003ex.EventData.KeyName","Offset":"x=\u003eint(int=x.EventData.Offset)","ProcessExe":"x=\u003ex.EventData.ProcInfo.Exe","ProcessName":"x=\u003ex.EventData.ProcInfo.Name","RegistryPath":"x=\u003ex.EventData.RegistryPath","Username":"x=\u003ex.EventData.ProcInfo.Username"}