{"CommandLine":"x=\u003ex.EventData.argv","CurrentDirectory":"x=\u003estat(filename=format(format='/proc/%v/cwd', args=x.System.ProcessID)).Data.Link","DestinationHostname":"x=\u003ex.EventData.remote_addr.dns_names","DestinationIp":"x=\u003ex.EventData.remote_addr.sin_addr","DestinationPort":"x=\u003ex.EventData.remote_addr.sin_port","EventData":"x=\u003ex.EventData","EventName":"x=\u003ex.System.EventName","Image":"x=\u003ex.EventData.ProcInfo.Exe","Initiated":"x=\u003ex.System.EventName = 'security_socket_connect'","LogonId":"x=\u003eSystem.UserID","ParentCommandLine":"x=\u003eprocess_tracker_get(id=x.System.ParentProcessID).Data.CommandLine","ParentImage":"x=\u003eprocess_tracker_get(id=x.System.ParentProcessID).Data.Exe","TargetFilename":"x=\u003ex.EventData.pathname","Timestamp":"x=\u003etimestamp(epoch=now())","User":"x=\u003eprocess_tracker_get(id=x.System.ProcessID).Data.Username"}