{"CommandLine":"x=\u003ex.Process.title","Image":"x=\u003ex.Process.exe","TargetFilename":"x=\u003ex.File.path","a0":"x=\u003ex.Process.args[0]","a1":"x=\u003ex.Process.args[1]","a2":"x=\u003ex.Process.args[2]","a3":"x=\u003ex.Process.args[3]","a4":"x=\u003ex.Process.args[4]","a5":"x=\u003ex.Process.args[5]","a6":"x=\u003ex.Process.args[6]","a7":"x=\u003ex.Process.args[7]","comm":"x=\u003ex.Process.name","exe":"x=\u003ex.Process.exe","name":"x=\u003ex.Process.exe","nametype":"x=\u003ex.Paths.nametype","syscall":"x=\u003ex.Data.syscall","type":"x=\u003eif(condition=x.Summary.action =~ \"exec\", then=\"EXECVE\")"}