{"":"x=\u003eserialize(item=x.EventData)","AccessList":"x=\u003ex.EventData.AccessList","AccessMask":"x=\u003ex.EventData.AccessMask","AccessReason":"x=\u003ex.EventData.AccessReason","Accesses":"x=\u003ex.EventData.Accesses","AccountDomain":"x=\u003ex.EventData.AccountDomain","AccountExpires":"x=\u003ex.EventData.AccountExpires","AccountName":"x=\u003ex.EventData.AccountName","Account_Name":"x=\u003ex.EventData.Account_Name","Action":"x=\u003ex.EventData.Action","ActionName":"x=\u003ex.EventData.ActionName","AdditionalInfo":"x=\u003ex.EventData.AdditionalInfo","Address":"x=\u003ex.EventData.Address","AllowedToDelegateTo":"x=\u003ex.EventData.AllowedToDelegateTo","AppID":"x=\u003ex.EventData.AppID","AppName":"x=\u003ex.EventData.Data[0]","AppVersion":"x=\u003ex.EventData.AppVersion","Application":"x=\u003ex.EventData.Application","ApplicationPath":"x=\u003ex.EventData.ApplicationPath","AttributeLDAPDisplayName":"x=\u003ex.EventData.AttributeLDAPDisplayName","AttributeValue":"x=\u003ex.EventData.AttributeValue","AuditPolicyChanges":"x=\u003ex.EventData.AuditPolicyChanges","AuditSourceName":"x=\u003ex.EventData.AuditSourceName","AuthenticationPackageName":"x=\u003ex.EventData.AuthenticationPackageName","Binary":"x=\u003ex.EventData.Binary","BootMode":"x=\u003ex.EventData.BootMode","CallTrace":"x=\u003ex.EventData.CallTrace","CallerProcessName":"x=\u003ex.EventData.CallerProcessName","Caller_Process_Name":"x=\u003ex.EventData.Caller_Process_Name","CallingProcessName":"x=\u003ex.EventData.CallingProcessName","Caption":"x=\u003ex.EventData.Caption","CategoryId":"x=\u003ex.EventData.CategoryId","CategoryName":"x=\u003ex.EventData.`Category Name`","CertThumbprint":"x=\u003ex.EventData.CertThumbprint","Channel":"x=\u003ex.System.Channel","ClassName":"x=\u003ex.EventData.ClassName","ClientAddress":"x=\u003ex.EventData.ClientAddress","ClientInfo":"x=\u003ex.EventData.ClientInfo","ClientName":"x=\u003ex.EventData.ClientName","ClientProcessId":"x=\u003ex.EventData.ClientProcessId","Client_Address":"x=\u003ex.EventData.Client_Address","CommandLine":"x=\u003ex.EventData.CommandLine || x.CommandLine","Company":"x=\u003ex.EventData.Company","CompatibleIds":"x=\u003ex.EventData.CompatibleIds","Computer":"x=\u003ex.System.Computer","ComputerName":"x=\u003ex.System.Computer","Configuration":"x=\u003ex.EventData.Configuration","Consumer":"x=\u003ex.EventData.Consumer","Contents":"x=\u003ex.EventData.Contents","ContextInfo":"x=\u003ex.EventData.ContextInfo","CountOfCredentialsReturned":"x=\u003ex.EventData.CountOfCredentialsReturned","CreationUtcTime":"x=\u003ex.EventData.CreationUtcTime","CurrentDirectory":"x=\u003ex.EventData.CurrentDirectory","Data":"x=\u003eserialize(item=x.EventData)","Description":"x=\u003ex.EventData.Description","DestAddress":"x=\u003ex.EventData.DestAddress","DestPort":"x=\u003ex.EventData.DestPort","Destination":"x=\u003ex.EventData.Destination","DestinationAddress":"x=\u003ex.EventData.DestinationAddress","DestinationHostname":"x=\u003ex.EventData.DestinationHostname","DestinationIp":"x=\u003ex.EventData.DestinationIp","DestinationIsIpv6":"x=\u003ex.EventData.DestinationIsIpv6","DestinationPort":"x=\u003ex.EventData.DestinationPort","Details":"x=\u003ex.EventData.Details","DetectionSource":"x=\u003ex.EventData.DetectionSource","DetectionUser":"x=\u003ex.EventData.`Detection User`","Device":"x=\u003ex.EventData.Device","DeviceClassName":"x=\u003ex.EventData.DeviceClassName","DeviceDescription":"x=\u003ex.EventData.DeviceDescription","DeviceId":"x=\u003ex.EventData.DeviceId","DeviceInstanceID":"x=\u003ex.UserData.InstallDeviceID.DeviceInstanceID","DeviceName":"x=\u003ex.EventData.DeviceName","Direction":"x=\u003ex.EventData.Direction","DisplayName":"x=\u003ex.EventData.DisplayName","DomainName":"x=\u003ex.EventData.SubjectDomainName","DriveName":"x=\u003ex.EventData.DriveName","DriverDescription":"x=\u003ex.UserData.InstallDeviceID.DriverDescription","DriverProvider":"x=\u003ex.UserData.InstallDeviceID.DriverProvider","DvrFmwk2003InstanceId":"x=\u003ex.UserData.UMDFHostDeviceArrivalBegin.InstanceId","DvrFmwkInstanceId":"x=\u003ex.UserData.UMDFHostDeviceRequest.InstanceId","EngineVersion":"x=\u003ex.EventData.EngineVersion","ErrorCode":"x=\u003ex.EventData.ErrorCode","EventData":"x=\u003ex.EventData","EventID":"x=\u003ex.System.EventID.Value","EventNamespace":"x=\u003ex.EventData.EventNamespace","EventSourceId":"x=\u003ex.EventData.EventSourceId","EventType":"x=\u003ex.EventData.EventType","ExceptionCode":"x=\u003ex.EventData.ExceptionCode","ExecutionProcessID":"x=\u003ex.System.Execution.ProcessID","FailureCode":"x=\u003ex.EventData.FailureCode","FailureReason":"x=\u003ex.EventData.FailureReason","Feature_Name":"x=\u003ex.EventData.`Feature Name`","FileMagicBytes":"x=\u003ex.EventData.FileMagicBytes","FileName":"x=\u003ex.EventData.FileName","FileNameBuffer":"x=\u003ex.EventData.FileNameBuffer","FilePath":"x=\u003ex.EventData.FilePath","FileVersion":"x=\u003ex.EventData.FileVersion","Filename":"x=\u003ex.EventData.Filename","Filter":"x=\u003ex.EventData.Filter","FilterName":"x=\u003ex.EventData.FilterName","FilterOrigin":"x=\u003ex.EventData.FilterOrigin","GrandParentCommandLine":"x=\u003ex.EventData.GrandParentCommandLine","GrandParentImage":"x=\u003ex.EventData.GrandParentImage","GrantedAccess":"x=\u003ex.EventData.GrantedAccess","GroupName":"x=\u003ex.EventData.GroupName","GroupSid":"x=\u003ex.EventData.GroupSid","HandleId":"x=\u003ex.EventData.HandleId","Hash":"x=\u003ex.EventData.Hash","Hashes":"x=\u003ex.EventData.Hashes","HiveName":"x=\u003ex.EventData.HiveName","HomeDirectory":"x=\u003ex.EventData.HomeDirectory","HomePath":"x=\u003ex.EventData.HomePath","HostApplication":"x=\u003ex.EventData.HostApplication","HostName":"x=\u003ex.EventData.HostName","HostVersion":"x=\u003ex.EventData.HostVersion","ID":"x=\u003ex.EventData.ID","Image":"x=\u003ex.EventData.Image","ImageLoaded":"x=\u003ex.EventData.ImageLoaded","ImageName":"x=\u003ex.EventData.ImageName","ImagePath":"x=\u003ex.EventData.ImagePath","ImpersonationLevel":"x=\u003ex.EventData.ImpersonationLevel","Imphash":"x=\u003ex.EventData.Hashes","Initiated":"x=\u003ex.EventData.Initiated","InstallStatus":"x=\u003ex.UserData.InstallDeviceID.InstallStatus","InstanceID":"x=\u003ex.UserData.UMDFHostDeviceArrivalBegin.InstanceId","InstanceId":"x=\u003ex.EventData.InstanceId","IntegrityLevel":"x=\u003ex.EventData.IntegrityLevel","IpAddress":"x=\u003ex.EventData.IpAddress","IpPort":"x=\u003ex.EventData.IpPort","IsatapRouter":"x=\u003ex.EventData.IsatapRouter","JobTitle":"x=\u003ex.EventData.name","KeyLength":"x=\u003ex.EventData.KeyLength","Keywords":"x=\u003ex.System.Keywords","LDAPDisplayName":"x=\u003ex.EventData.LDAPDisplayName","LayerRTID":"x=\u003ex.EventData.LayerRTID","Level":"x=\u003ex.System.Level","LocalAddresses":"x=\u003ex.EventData.LocalAddresses","LocalIP":"x=\u003ex.EventData.LocalIP","LocalName":"x=\u003ex.EventData.LocalName","LocalPort":"x=\u003ex.EventData.LocalPort","LocalPorts":"x=\u003ex.EventData.LocalPorts","LocationInformation":"x=\u003ex.EventData.LocationInformation","LogFileClearedChannel":"x=\u003ex.UserData.LogFileCleared.Channel","LogFileClearedSubjectUserName":"x=\u003ex.UserData.LogFileCleared.SubjectUserName","LogonGuid":"x=\u003ex.EventData.LogonGuid","LogonHours":"x=\u003ex.EventData.LogonHours","LogonID":"x=\u003ex.EventData.LogonId","LogonId":"x=\u003ex.EventData.LogonId","LogonProcessName":"x=\u003ex.EventData.LogonProcessName","LogonType":"x=\u003ex.EventData.LogonType","Logon_Account":"x=\u003ex.EventData.Logon_Account","Logon_Type":"x=\u003ex.EventData.LogonType","MD5":"x=\u003ex.EventData.MD5","MachineName":"x=\u003ex.EventData.MachineName","MandatoryLabel":"x=\u003eget(item=MandatoryLabelLookup, member=x.EventData.MandatoryLabel || \"-\")\n","MasterKeyId":"x=\u003ex.EventData.MasterKeyId","MemberName":"x=\u003ex.EventData.MemberName","MemberSid":"x=\u003ex.EventData.MemberSid","Message":"x=\u003ex.EventData","ModifyingApplication":"x=\u003ex.EventData.ModifyingApplication","ModifyingUser":"x=\u003ex.EventData.ModifyingUser","Module":"x=\u003ex.EventData.Module","ModuleMD5":"x=\u003ex.EventData.ModuleMD5","ModuleName":"x=\u003ex.EventData.ModuleName","ModulePath":"x=\u003ex.EventData.ModulePath","ModuleSHA1":"x=\u003ex.EventData.ModuleSHA1","ModuleSHA256":"x=\u003ex.EventData.ModuleSHA256","Name":"x=\u003ex.EventData.Name","NewDefaultPrinter":"x=\u003ex.EventData.NewDefaultPrinter","NewName":"x=\u003ex.EventData.NewName","NewProcessId":"x=\u003ex.EventData.NewProcessId","NewProcessName":"x=\u003ex.EventData.NewProcessName","NewTargetUserName":"x=\u003ex.EventData.NewTargetUserName","NewTemplateContent":"x=\u003e x.EventData.NewTemplateContent","NewTime":"x=\u003ex.EventData.NewTime","NewUacValue":"x=\u003ex.EventData.NewUacValue","NewValue":"x=\u003ex.EventData.NewValue","New_Value":"x=\u003ex.EventData.`New Value`","ObjectClass":"x=\u003ex.EventData.ObjectClass","ObjectDN":"x=\u003ex.EventData.ObjectDN","ObjectName":"x=\u003ex.EventData.ObjectName","ObjectServer":"x=\u003ex.EventData.ObjectServer","ObjectType":"x=\u003ex.EventData.ObjectType","ObjectValueName":"x=\u003ex.EventData.ObjectValueName","OldDefaultPrinter":"x=\u003ex.EventData.OldDefaultPrinter","OldTargetUserName":"x=\u003ex.EventData.OldTargetUserName","OldUacValue":"x=\u003ex.EventData.OldUacValue","OldValue":"x=\u003ex.EventData.OldValue","Operation":"x=\u003ex.EventData.Operation","OperationEssStartedNamespaceName":"x=\u003ex.UserData.Operation_EssStarted.NamespaceName","OperationEssStartedPossibleCause":"x=\u003ex.UserData.Operation_EssStarted.PossibleCause","OperationEssStartedProcessid":"x=\u003ex.UserData.Operation_EssStarted.Processid","OperationEssStartedProvider":"x=\u003ex.UserData.Operation_EssStarted.Provider","OperationEssStartedQuery":"x=\u003ex.UserData.Operation_EssStarted.Query","OperationEssStartedUser":"x=\u003ex.UserData.Operation_EssStarted.User","OperationType":"x=\u003ex.EventData.OperationType","Origin":"x=\u003ex.EventData.Origin","OriginalFileName":"x=\u003ex.EventData.OriginalFileName","OriginalFilename":"x=\u003ex.EventData.OriginalFileName","PID":"x=\u003ex.EventData.ProcessId","PackageFullName":"x=\u003ex.UserData.PackageFullName","PackagePath":"x=\u003ex.EventData.PackagePath","Param1":"x=\u003ex.EventData.Param1","Param2":"x=\u003ex.EventData.Param2","Param3":"x=\u003ex.EventData.Param3","ParentCommandLine":"x=\u003ex.EventData.ParentCommandLine","ParentImage":"x=\u003ex.EventData.ParentImage","ParentIntegrityLevel":"x=\u003ex.EventData.ParentIntegrityLevel","ParentMD5":"x=\u003ex.EventData.ParentMD5","ParentOfParentImage":"x=\u003ex.EventData.ParentOfParentImage","ParentProcessGuid":"x=\u003ex.EventData.ParentProcessGuid","ParentProcessId":"x=\u003ex.EventData.ParentProcessId","ParentProcessName":"x=\u003ex.EventData.ParentProcessName","ParentSHA1":"x=\u003ex.EventData.ParentSHA1","ParentSHA256":"x=\u003ex.EventData.ParentSHA256","ParentUser":"x=\u003ex.EventData.ParentUser","PasswordLastSet":"x=\u003ex.EventData.PasswordLastSet","Path":"x=\u003ex.EventData.Path","Payload":"x=\u003ex.EventData.Payload","PipeName":"x=\u003ex.EventData.PipeName","PossibleCause":"x=\u003ex.UserData.PossibleCause","PreAuthType":"x=\u003ex.EventData.PreAuthType","PreviousCreationUtcTime":"x=\u003ex.EventData.PreviousCreationUtcTime","PreviousTime":"x=\u003ex.EventData.PreviousTime","PrimaryGroupId":"x=\u003ex.EventData.PrimaryGroupId","PrinterCreated":"x=\u003ex.EventData.PrinterCreated","PrinterDeletionPending":"x=\u003ex.EventData.PrinterDeletionPending","PrinterName":"x=\u003ex.EventData.PrinterName","PrivilegeList":"x=\u003ex.EventData.PrivilegeList","ProcessCommandLine":"x=\u003ex.EventData.ProcessCommandLine","ProcessGuid":"x=\u003ex.EventData.ProcessGuid","ProcessID":"x=\u003ex.EventData.ProcessID","ProcessId":"x=\u003ex.EventData.ProcessId","ProcessName":"x=\u003ex.EventData.ProcessName","ProcessNameBuffer":"x=\u003ex.EventData.ProcessNameBuffer","ProcessPath":"x=\u003ex.EventData.ProcessPath","Product":"x=\u003ex.EventData.Product","ProfilePath":"x=\u003ex.EventData.ProfilePath","Profiles":"x=\u003ex.EventData.Profiles","Properties":"x=\u003ex.EventData.Properties","Protocol":"x=\u003ex.EventData.Protocol","Provider":"x=\u003ex.UserData.Provider","ProviderContextName":"x=\u003ex.EventData.ProviderContextName","ProviderName":"x=\u003ex.System.Provider.Name","Provider_Name":"x=\u003ex.System.Provider.Name","QNAME":"x=\u003ex.EventData.QNAME","Query":"x=\u003ex.UserData.Query","QueryName":"x=\u003ex.EventData.QueryName","QueryResults":"x=\u003ex.EventData.QueryResults","QueryStatus":"x=\u003ex.EventData.QueryStatus","ReadOnly":"x=\u003ex.EventData.ReadOnly","ReadOperation":"x=\u003ex.EventData.ReadOperation","Reason":"x=\u003ex.EventData.Reason","RecoveryKeyId":"x=\u003ex.EventData.RecoveryKeyId","RecoveryServer":"x=\u003ex.EventData.RecoveryServer","RelativeTargetName":"x=\u003ex.EventData.RelativeTargetName","RemoteAddress":"x=\u003ex.EventData.RemoteAddress","RemoteAddresses":"x=\u003ex.EventData.RemoteAddresses","RemoteIP":"x=\u003ex.EventData.RemoteIP","RemoteMachineID":"x=\u003ex.EventData.RemoteMachineID","RemoteName":"x=\u003ex.EventData.RemoteName","RemotePort":"x=\u003ex.EventData.RemotePort","RemotePorts":"x=\u003ex.EventData.RemotePorts","RemoteUserID":"x=\u003ex.EventData.RemoteUserID","RequestedPolicy":"x=\u003ex.EventData.RequestedPolicy","ReturnCode":"x=\u003ex.EventData.ReturnCode","RuleName":"x=\u003ex.EventData.RuleName","SAMAccountName":"x=\u003ex.EventData.SamAccountName","SHA1":"x=\u003ex.EventData.SHA1","SHA256":"x=\u003ex.EventData.SHA256","SamAccountName":"x=\u003ex.EventData.SamAccountName","SchemaVersion":"x=\u003ex.EventData.SchemaVersion","ScriptBlockText":"x=\u003ex.EventData.ScriptBlockText","ScriptPath":"x=\u003ex.EventData.ScriptPath","SearchFilter":"x=\u003ex.System.SearchFilter","SecurityUserID":"x=\u003ex.System.Security.UserID","ServerAddress":"x=\u003ex.EventData.ServerAddress","ServerName":"x=\u003ex.System.ServerName","Service":"x=\u003ex.EventData.Service","ServiceAccount":"x=\u003ex.EventData.ServiceAccount","ServiceFileName":"x=\u003ex.EventData.ServiceFileName","ServiceName":"x=\u003ex.EventData.ServiceName","ServicePrincipalNames":"x=\u003ex.EventData.ServicePrincipalNames","ServiceStartType":"x=\u003ex.EventData.ServiceStartType","ServiceType":"x=\u003ex.EventData.ServiceType","SettingType":"x=\u003ex.EventData.SettingType","SettingValueString":"x=\u003ex.EventData.SettingValueString","SeverityID":"x=\u003ex.EventData.`Severity ID`","SeverityName":"x=\u003ex.EventData.`Severity Name`","ShareLocalPath":"x=\u003ex.EventData.ShareLocalPath","ShareName":"x=\u003ex.EventData.ShareName","SidHistory":"x=\u003ex.EventData.SidHistory","SidList":"x=\u003ex.EventData.SidList","Signature":"x=\u003ex.EventData.Signature","SignatureStatus":"x=\u003ex.EventData.SignatureStatus","Signed":"x=\u003ex.EventData.Signed","Source":"x=\u003ex.System.Provider_Name","SourceAddress":"x=\u003ex.EventData.SourceAddress","SourceCommandLine":"x=\u003ex.EventData.SourceCommandLine","SourceHostname":"x=\u003ex.EventData.SourceHostname","SourceImage":"x=\u003ex.EventData.SourceImage","SourceIp":"x=\u003ex.EventData.SourceIp","SourceIsIpv6":"x=\u003ex.EventData.SourceIsIpv6","SourceName":"x=\u003ex.EventData.SourceName","SourceNetworkAddress":"x=\u003ex.EventData.SourceNetworkAddress","SourceParentImage":"x=\u003ex.EventData.SourceParentImage","SourcePort":"x=\u003ex.EventData.SourcePort","SourceProcessGUID":"x=\u003ex.EventData.SourceProcessGUID","SourceProcessGuid":"x=\u003ex.EventData.SourceProcessGuid","SourceProcessId":"x=\u003ex.EventData.SourceProcessId","SourceSid":"x=\u003ex.EventData.SourceSid","SourceUser":"x=\u003ex.EventData.SourceUser","SourceUserName":"x=\u003ex.EventData.SourceUserName","Source_Name":"x=\u003ex.EventData.`Source Name`","Source_Network_Address":"x=\u003ex.EventData.Source_Network_Address","Source_WorkStation":"x=\u003ex.EventData.Source_WorkStation","StartAddress":"x=\u003ex.EventData.StartAddress","StartFunction":"x=\u003ex.EventData.StartFunction","StartModule":"x=\u003ex.EventData.StartModule","StartType":"x=\u003ex.EventData.StartType","State":"x=\u003ex.EventData.State","Status":"x=\u003ex.EventData.Status","SubStatus":"x=\u003ex.EventData.SubStatus","SubcategoryGuid":"x=\u003ex.EventData.SubcategoryGuid","SubcategoryId":"x=\u003ex.EventData.SubcategoryId","SubjectDomainName":"x=\u003ex.EventData.SubjectDomainName","SubjectLogonId":"x=\u003ex.EventData.SubjectLogonId","SubjectUserName":"x=\u003ex.EventData.SubjectUserName","SubjectUserSid":"x=\u003ex.EventData.SubjectUserSid","SysmonVersion":"x=\u003ex.EventData.SysmonVersion","TargetDomainName":"x=\u003ex.EventData.TargetDomainName","TargetFilename":"x=\u003ex.EventData.TargetFilename","TargetImage":"x=\u003ex.EventData.TargetImage","TargetInfo":"x=\u003ex.EventData.TargetInfo","TargetLogonId":"x=\u003ex.EventData.TargetLogonId","TargetName":"x=\u003ex.EventData.TargetName","TargetObject":"x=\u003ex.EventData.TargetObject","TargetOutboundUserName":"x=\u003ex.EventData.TargetOutboundUserName","TargetParentProcessId":"x=\u003ex.EventData.TargetParentProcessId","TargetProcessAddress":"x=\u003ex.EventData.TargetProcessAddress","TargetProcessGUID":"x=\u003ex.EventData.TargetProcessGUID","TargetProcessGuid":"x=\u003ex.EventData.TargetProcessGUID","TargetProcessId":"x=\u003ex.EventData.TargetProcessId","TargetServerName":"x=\u003ex.EventData.TargetServerName","TargetSid":"x=\u003ex.EventData.TargetSid","TargetUser":"x=\u003ex.EventData.TargetUser","TargetUserName":"x=\u003ex.EventData.TargetUserName","TargetUserSid":"x=\u003ex.EventData.TargetUserSid","TaskContent":"x=\u003ex.EventData.TaskContent","TaskContentNew":"x=\u003ex.EventData.TaskContentNew","TaskDate":"x=\u003ex.EventData.TaskContent","TaskName":"x=\u003ex.EventData.TaskName","TemplateContent":"x=\u003ex.EventData.TemplateContent","ThreatName":"x=\u003ex.EventData.`Threat Name`","TicketEncryptionType":"x=\u003ex.EventData.TicketEncryptionType","TicketOptions":"x=\u003ex.EventData.TicketOptions","Timestamp":"x=\u003ex.Timestamp","TokenElevationType":"x=\u003eget(item=TokenElevationTypeLookup, member=x.EventData.TokenElevationType || \"-\")","Type":"x=\u003ex.EventData.Type","Url":"x=\u003ex.EventData.url","User":"x=\u003ex.EventData.User","UserAccountControl":"x=\u003ex.EventData.UserAccountControl","UserContext":"x=\u003ex.EventData.UserContext","UserDataAddress":"x=\u003ex.UserData.EventXML.Address","UserDataCode":"x=\u003ex.UserData.Operation_StartedOperational.Code","UserDataConsumer":"x=\u003ex.UserData.Operation_ESStoConsumerBinding.CONSUMER","UserDataESS":"x=\u003ex.UserData.Operation_ESStoConsumerBinding.ESS","UserDataHostProcess":"x=\u003ex.UserData.Operation_StartedOperational.HostProcess","UserDataNamespace":"x=\u003ex.UserData.Operation_ESStoConsumerBinding.Namespace","UserDataNamespaceName":"x=\u003ex.UserData.Operation_TemporaryEssStarted.NamespaceName","UserDataParam1":"x=\u003ex.UserData.EventXML.Param1","UserDataParam2":"x=\u003ex.UserData.EventXML.Param2","UserDataParam3":"x=\u003ex.UserData.EventXML.Param3","UserDataPossibleCause":"x=\u003ex.UserData.Operation_ESStoConsumerBinding.PossibleCause","UserDataProcessID":"x=\u003ex.UserData.Operation_StartedOperational.ProcessID","UserDataProcessid":"x=\u003ex.UserData.Operation_TemporaryEssStarted.Processid","UserDataProviderName":"x=\u003ex.UserData.Operation_StartedOperational.ProviderName","UserDataProviderPath":"x=\u003ex.UserData.Operation_StartedOperational.ProviderPath","UserDataQuery":"x=\u003ex.UserData.Operation_TemporaryEssStarted.Query","UserDataSessionID":"x=\u003ex.UserData.EventXML.SessionID","UserDataUser":"x=\u003ex.UserData.EventXML.User","UserName":"x=\u003ex.EventData.UserName","UserParameters":"x=\u003ex.EventData.UserParameters","UserPrincipalName":"x=\u003ex.EventData.UserPrincipalName","UserWorkstations":"x=\u003ex.EventData.UserWorkstations","Value":"x=\u003ex.EventData.Value","Version":"x=\u003ex.System.Version","VhdFile":"x=\u003ex.EventData.VhdFile","VhdType":"x=\u003ex.EventData.VhdType","WindowsDefenderProcessName":"x=\u003ex.EventData.`Process Name`","Workstation":"x=\u003ex.EventData.Workstation","WorkstationName":"x=\u003ex.EventData.WorkstationName","image":"x=\u003ex.EventData.Image","jobId":"x=\u003ex.EventData.jobId","jobOwner":"x=\u003ex.EventData.jobOwner","jobTitle":"x=\u003ex.EventData.jobTitle","md5":"x=\u003eparse_string_with_regex(string=x.EventData.Hash || '', regex='MD5=([^,]+)').g1","param1":"x=\u003ex.EventData.param1","param2":"x=\u003ex.EventData.param2","param3":"x=\u003ex.EventData.param3","param4":"x=\u003ex.EventData.param4","param5":"x=\u003ex.EventData.param5","payload":"x=\u003ex.EventData.payload","process":"x=\u003ex.EventData.Process","processPath":"x=\u003ex.EventData.processPath","query":"x=\u003ex.EventData.Query","service":"x=\u003ex.EventData.Service","sha1":"x=\u003ex.EventData.Hashes","sha256":"x=\u003eparse_string_with_regex(string=x.EventData.Hash || '', regex='SHA256=([^,]+)').g1","subjectName":"x=\u003ex.EventData.SubjectName"}