{"":"x=\u003ex","CommandLine":"x=\u003ex.Process.title","DestinationHostname":"x=\u003ehost(name=x.Dest.ip, type=\"PTR\", tracker_only=TRUE)","DestinationIp":"x=\u003ex.Dest.ip","DestinationPort":"x=\u003ex.Dest.port","Image":"x=\u003ex.Process.exe","Initiated":"x=\u003ex.Net.direction =~ \"egress\"","TargetFilename":"x=\u003ex.File.path","a0":"x=\u003ex.Process.args[0]","a1":"x=\u003ex.Process.args[1]","a2":"x=\u003ex.Process.args[2]","a3":"x=\u003ex.Process.args[3]","a4":"x=\u003ex.Process.args[4]","a5":"x=\u003ex.Process.args[5]","a6":"x=\u003ex.Process.args[6]","a7":"x=\u003ex.Process.args[7]","comm":"x=\u003ex.Process.name","exe":"x=\u003ex.Process.exe","key":"x=\u003ex.Tags[0]","name":"x=\u003ex.Process.name","nametype":"x=\u003ex.Paths.nametype","syscall":"x=\u003ex.Data.syscall","type":"x=\u003eupcase(string=x.Type)","unit":"x=\u003ex.Data.unit"}